id,registered_at,note
1650,2014-12-29,
191,2009-10-15,
875,2012-02-24,
1100,2013-03-05,
498,2010-03-24,
773,2009-09-07,
1140,2011-07-11,https://cdm.unfccc.int/Projects/DB/RWTUV1256116990.83/view
1508,2009-12-21,https://cdm.unfccc.int/Projects/DB/TUEV-SUED1244760042.66/view
758,2011-07-29,
1506,2013-12-21,
876,2010-10-22,
1742,2012-04-12,
1356,2012-03-26,https://cdm.unfccc.int/Projects/DB/BVQI1332352060.02/view
1204,2012-03-01,https://cdm.unfccc.int/Projects/DB/BVQI1242974549.19/view
986,2013-02-28,
1566,2017-06-10,
921,2011-06-09,
810,2011-02-02,
755,2011-08-22,
1345,NaT,
1052,2013-08-19,
1166,2014-04-14,
1577,2016-06-05,
1505,2011-10-07,https://cdm.unfccc.int/Projects/DB/ERM-CVS1291830806.57/view?cp=1
1143,2012-11-21,https://cdm.unfccc.int/Projects/DB/BVQI1353045070.95/view?cp=1
850,2010-03-01,https://cdm.unfccc.int/Projects/DB/BVQI1241775281.35/view?cp=1
1499,2015-04-20,
1189,2012-04-12,https://cdm.unfccc.int/Projects/DB/SGS-UKL1326127836.78/view?cp=1
1174,2009-08-31,
1160,2011-03-22,
486,2009-11-10,
1258,2014-10-18,
837,2011-06-01,
1427,2015-04-08,
1525,2012-11-28,https://cdm.unfccc.int/Projects/DB/LRQA%20Ltd1340102581.62/view
1221,2013-09-25,
2092,2013-05-24,
1542,2016-03-15,
1188,2012-01-17,
391,2012-03-12,
917,2012-06-02,
1037,2012-11-30,
1529,2014-11-10,
1121,2012-11-07,https://cdm.unfccc.int/Projects/DB/PJR%20CDM1351854815.15/view
929,2011-12-20,
982,2011-03-31,
535,2010-07-20,
674,2011-05-11,
1291,2010-08-07,
2098,2012-02-27,https://cdm.unfccc.int/Projects/DB/Germanischer1317298382.09/view?cp=1
1146,2014-12-17,
905,2011-08-05,
981,2013-01-17,
1464,2012-12-10,
1205,2013-10-30,
1002,2010-02-01,
192,2009-10-15,
896,2012-09-15,
